"","CodeClass","Name","Accession"
"ALOX12","Endogenous","ALOX12","NM_000697.2"
"MAPK9","Endogenous","MAPK9","NM_001135044.1"
"IL17RD","Endogenous","IL17RD","NM_017563.5"
"ITGAM","Endogenous","ITGAM","NM_000632.3"
"IFNGR2","Endogenous","IFNGR2","NM_005534.3"
"CXCL14","Endogenous","CXCL14","NM_004887.4"
"TNFRSF25","Endogenous","TNFRSF25","NM_001039664.1"
"ELANE","Endogenous","ELANE","NM_001972.2"
"LTF","Endogenous","LTF","NM_002343.2"
"PIK3R4","Endogenous","PIK3R4","NM_014602.1"
"ACE","Endogenous","ACE","NM_000789.2"
"PRKCSH","Endogenous","PRKCSH","NM_002743.2"
"CD81","Endogenous","CD81","NM_004356.3"
"CASP1","Endogenous","CASP1","NM_033294.3"
"MYC","Endogenous","MYC","NM_002467.3"
"TPSAB1/B2","Endogenous","TPSAB1/B2","NM_003294.3"
"TLR9","Endogenous","TLR9","NM_017442.2"
"CTSA","Endogenous","CTSA","NM_001127695.1"
"FURIN","Endogenous","FURIN","NM_002569.3"
"IL17RB","Endogenous","IL17RB","NM_018725.3"
"IL4","Endogenous","IL4","NM_172348.1"
"CTLA4","Endogenous","CTLA4","NM_005214.3"
"BCL2L1","Endogenous","BCL2L1","NM_001191.3"
"APBB1IP","Endogenous","APBB1IP","NM_019043.3"
"CD80","Endogenous","CD80","NM_005191.3"
"AKT3","Endogenous","AKT3","NM_005465.4"
"PTGER2","Endogenous","PTGER2","NM_000956.3"
"CDK4","Endogenous","CDK4","NM_000075.3"
"FOS","Endogenous","FOS","NM_005252.3"
"PXN","Endogenous","PXN","NM_001080855.3"
"ZAP70","Endogenous","ZAP70","NM_001079.3"
"APOL6","Endogenous","APOL6","NM_030641.3"
"CCL22","Endogenous","CCL22","NM_002990.4"
"TNFRSF10B","Endogenous","TNFRSF10B","NM_003842.3"
"GNS","Endogenous","GNS","NM_002076.3"
"RACK1","Endogenous","RACK1","NM_006098.4"
"CXCL3","Endogenous","CXCL3","NM_002090.2"
"HSP90AB1","Endogenous","HSP90AB1","NM_007355.3"
"GLA","Endogenous","GLA","NM_000169.2"
"ALPK1","Endogenous","ALPK1","NM_025144.2"
"GK","Endogenous","GK","NM_000167.3"
"IL23A","Endogenous","IL23A","NM_016584.2"
"IL9","Endogenous","IL9","NM_000590.1"
"CCL2","Endogenous","CCL2","NM_002982.3"
"KDM6B","Endogenous","KDM6B","NM_001080424.1"
"TNFRSF9","Endogenous","TNFRSF9","NM_001561.5"
"CCR3","Endogenous","CCR3","NM_001837.2"
"ITGB7","Endogenous","ITGB7","NM_000889.1"
"RAF1","Endogenous","RAF1","NM_002880.3"
"NFATC3","Endogenous","NFATC3","NM_004555.2"
"RBCK1","Endogenous","RBCK1","NM_006462.4"
"NCF1","Endogenous","NCF1","NM_000265.4"
"NLRP1","Endogenous","NLRP1","NM_033004.2"
"CCR4","Endogenous","CCR4","NM_005508.4"
"FYN","Endogenous","FYN","NM_002037.3"
"MARCO","Endogenous","MARCO","NM_006770.3"
"RNF114","Endogenous","RNF114","NM_018683.4"
"ATG7","Endogenous","ATG7","NM_001136031.2"
"CCR8","Endogenous","CCR8","NM_005201.2"
"SH2D1A","Endogenous","SH2D1A","NM_002351.4"
"IRF9","Endogenous","IRF9","NM_006084.4"
"ULK2","Endogenous","ULK2","NM_014683.2"
"CCR10","Endogenous","CCR10","NM_016602.2"
"ERN1","Endogenous","ERN1","NM_001433.2"
"PIK3R5","Endogenous","PIK3R5","NM_014308.3"
"CD68","Endogenous","CD68","NM_001251.2"
"CXCR5","Endogenous","CXCR5","NM_001716.4"
"ATP6V0D1","Endogenous","ATP6V0D1","NM_004691.4"
"DNAJC10","Endogenous","DNAJC10","NM_018981.2"
"CASP8","Endogenous","CASP8","NM_001080124.1"
"RASGRP1","Endogenous","RASGRP1","NM_001128602.1"
"PANX1","Endogenous","PANX1","NM_015368.3"
"PSEN1","Endogenous","PSEN1","NM_000021.2"
"LEF1","Endogenous","LEF1","NM_016269.3"
"MAP2K7","Endogenous","MAP2K7","NM_145185.2"
"KLRD1","Endogenous","KLRD1","NM_001351060.1"
"TANK","Endogenous","TANK","NM_004180.2"
"CFLAR","Endogenous","CFLAR","NM_001127183.1"
"IL22RA2","Endogenous","IL22RA2","NM_181309.1"
"TNFSF4","Endogenous","TNFSF4","NM_003326.2"
"IL17RC","Endogenous","IL17RC","NM_153461.2"
"IL18RAP","Endogenous","IL18RAP","NM_003853.3"
"TRAF2","Endogenous","TRAF2","NM_021138.3"
"IFNG","Endogenous","IFNG","NM_000619.2"
"TYK2","Endogenous","TYK2","NM_003331.4"
"TLN1","Endogenous","TLN1","NM_006289.3"
"MAP1LC3A","Endogenous","MAP1LC3A","NM_032514.2"
"IFIT2","Endogenous","IFIT2","NM_001547.4"
"CYP2E1","Endogenous","CYP2E1","NM_000773.3"
"CD1E","Endogenous","CD1E","NM_001042583.2"
"IFITM1","Endogenous","IFITM1","NM_003641.3"
"MAP3K7","Endogenous","MAP3K7","NM_145333.1"
"IL10","Endogenous","IL10","NM_000572.2"
"ARRB2","Endogenous","ARRB2","NM_001257328.1"
"P2RX7","Endogenous","P2RX7","NM_002562.5"
"CD14","Endogenous","CD14","NM_000591.2"
"NFKB2","Endogenous","NFKB2","NM_002502.2"
"DYSF","Endogenous","DYSF","NM_003494.3"
"TNF","Endogenous","TNF","NM_000594.2"
"TXN","Endogenous","TXN","NM_003329.2"
"TCIRG1","Endogenous","TCIRG1","NM_006053.2"
"CXCL10","Endogenous","CXCL10","NM_001565.3"
"ACKR4","Endogenous","ACKR4","NM_016557.2"
"IL17RE","Endogenous","IL17RE","NM_153483.1"
"CD59","Endogenous","CD59","NM_001127227.1"
"NFAT5","Endogenous","NFAT5","NM_173214.1"
"MS4A4A","Endogenous","MS4A4A","NM_001243266.1"
"CSF3R","Endogenous","CSF3R","NM_000760.3"
"C3AR1","Endogenous","C3AR1","NM_004054.2"
"ATP6AP2","Endogenous","ATP6AP2","NM_005765.2"
"IL18BP","Endogenous","IL18BP","NM_001039659.1"
"CD38","Endogenous","CD38","NM_001775.2"
"BDKRB2","Endogenous","BDKRB2","NM_000623.3"
"TMEM140","Endogenous","TMEM140","NM_018295.3"
"NLRC5","Endogenous","NLRC5","NM_032206.4"
"NCF2","Endogenous","NCF2","NM_000433.3"
"TNFSF13B","Endogenous","TNFSF13B","NM_001145645.2"
"C1QBP","Endogenous","C1QBP","NM_001212.3"
"MX1","Endogenous","MX1","NM_001144925.2"
"CSF2RA","Endogenous","CSF2RA","NM_006140.3"
"MIF","Endogenous","MIF","NM_002415.1"
"CGAS","Endogenous","CGAS","NM_138441.2"
"VCAM1","Endogenous","VCAM1","NM_001078.3"
"CD45RB","Endogenous","CD45RB","ENST00000367367.1"
"THBS1","Endogenous","THBS1","NM_003246.2"
"FCRL4","Endogenous","FCRL4","NM_031282.2"
"TIMP2","Endogenous","TIMP2","NM_003255.4"
"NT5E","Endogenous","NT5E","NM_002526.2"
"HLA-DRB","Endogenous","HLA-DRB","NM_022555.3"
"IL21","Endogenous","IL21","NM_021803.2"
"NCR3","Endogenous","NCR3","NM_147130.2"
"PYCARD","Endogenous","PYCARD","NM_013258.3"
"SLC2A3","Endogenous","SLC2A3","NM_006931.2"
"IL11RA","Endogenous","IL11RA","NM_147162.1"
"GATA3","Endogenous","GATA3","NM_001002295.1"
"BST2","Endogenous","BST2","NM_004335.3"
"IKBKE","Endogenous","IKBKE","NM_001193321.1"
"CBL","Endogenous","CBL","NM_005188.3"
"TCL1A","Endogenous","TCL1A","NM_001098725.1"
"NOTCH1","Endogenous","NOTCH1","NM_017617.3"
"PSTPIP1","Endogenous","PSTPIP1","NM_001321135.1"
"IRF1","Endogenous","IRF1","NM_002198.1"
"PIK3R3","Endogenous","PIK3R3","NM_001114172.1"
"NFATC4","Endogenous","NFATC4","NM_001136022.2"
"GPX7","Endogenous","GPX7","NM_015696.5"
"MARCKS","Endogenous","MARCKS","NM_002356.5"
"HSD11B1","Endogenous","HSD11B1","NM_181755.1"
"TRAM1","Endogenous","TRAM1","NM_014294.5"
"CXCL5","Endogenous","CXCL5","NM_002994.3"
"CCL25","Endogenous","CCL25","NM_005624.2"
"TLR8","Endogenous","TLR8","NM_016610.2"
"IL1RAPL2","Endogenous","IL1RAPL2","NM_017416.1"
"HMOX1","Endogenous","HMOX1","NM_002133.2"
"CD8B","Endogenous","CD8B","NM_172099.2"
"HPGD","Endogenous","HPGD","NM_000860.5"
"CBFB","Endogenous","CBFB","NM_001755.2"
"AP1M1","Endogenous","AP1M1","NM_001130524.1"
"IFI44","Endogenous","IFI44","NM_006417.4"
"IL33","Endogenous","IL33","NM_001199640.1"
"GBA","Endogenous","GBA","NM_001005742.2"
"CARD17","Endogenous","CARD17","NM_001007232.1"
"PNOC","Endogenous","PNOC","NM_001284244.1"
"IL11","Endogenous","IL11","NM_000641.3"
"STAT6","Endogenous","STAT6","NM_003153.3"
"PRF1","Endogenous","PRF1","NM_001083116.1"
"PARP1","Endogenous","PARP1","NM_001618.3"
"CARD11","Endogenous","CARD11","NM_032415.2"
"DDOST","Endogenous","DDOST","NM_005216.4"
"FCGRT","Endogenous","FCGRT","XM_011526628.1"
"CD3D","Endogenous","CD3D","NM_000732.4"
"MTOR","Endogenous","MTOR","NM_004958.3"
"MAPK1","Endogenous","MAPK1","NM_138957.2"
"PLAUR","Endogenous","PLAUR","NM_001005376.2"
"HLA-DQA","Endogenous","HLA-DQA","NM_002122.3"
"SIGIRR","Endogenous","SIGIRR","NM_001135053.1"
"IL23R","Endogenous","IL23R","NM_144701.2"
"MAP3K1","Endogenous","MAP3K1","NM_005921.1"
"MAP2K3","Endogenous","MAP2K3","NM_145109.1"
"CSF2RB","Endogenous","CSF2RB","NM_000395.2"
"IL20RB","Endogenous","IL20RB","NM_144717.3"
"CD84","Endogenous","CD84","NM_001184879.1"
"HLX","Endogenous","HLX","NM_021958.2"
"IFI35","Endogenous","IFI35","NM_005533.3"
"VRK3","Endogenous","VRK3","NM_016440.3"
"GLB1","Endogenous","GLB1","NM_000404.2"
"APEX1","Endogenous","APEX1","NM_001641.2"
"PLIN4","Endogenous","PLIN4","NM_001080400.1"
"ATP6V1B2","Endogenous","ATP6V1B2","NM_001693.3"
"PTPN6","Endogenous","PTPN6","NM_002831.5"
"IRF7","Endogenous","IRF7","NM_001572.3"
"OASL","Endogenous","OASL","NM_198213.2"
"HLA-DOB","Endogenous","HLA-DOB","NM_002120.3"
"LGALS3","Endogenous","LGALS3","NM_001177388.1"
"IFNA8","Endogenous","IFNA8","NM_002170.3"
"CD40LG","Endogenous","CD40LG","NM_000074.2"
"CCNC","Endogenous","CCNC","NM_005190.3"
"IL2RB","Endogenous","IL2RB","NM_000878.3"
"GSK3B","Endogenous","GSK3B","NM_002093.2"
"CSF1R","Endogenous","CSF1R","NM_005211.3"
"CREBBP","Endogenous","CREBBP","NM_004380.2"
"OAS2","Endogenous","OAS2","NM_016817.2"
"PIK3CB","Endogenous","PIK3CB","NM_006219.1"
"TRIM56","Endogenous","TRIM56","NM_030961.3"
"HLA-DMB","Endogenous","HLA-DMB","NM_002118.4"
"TAP2","Endogenous","TAP2","NM_000544.3"
"TLR2","Endogenous","TLR2","NM_003264.3"
"OAS3","Endogenous","OAS3","NM_006187.3"
"LTC4S","Endogenous","LTC4S","NM_145867.1"
"CXCL9","Endogenous","CXCL9","NM_002416.1"
"SPI1","Endogenous","SPI1","NM_003120.1"
"TAP1","Endogenous","TAP1","NM_000593.5"
"FOXP3","Endogenous","FOXP3","NM_014009.3"
"CASP5","Endogenous","CASP5","NM_004347.1"
"WIPI1","Endogenous","WIPI1","NM_017983.5"
"PRKCA","Endogenous","PRKCA","NM_002737.2"
"CARD16","Endogenous","CARD16","NM_001017534.1"
"ITK","Endogenous","ITK","NM_005546.3"
"EIF3F","Endogenous","EIF3F","NM_003754.2"
"TGFBR2","Endogenous","TGFBR2","NM_001024847.1"
"PTK2B","Endogenous","PTK2B","NM_004103.3"
"STAT5A","Endogenous","STAT5A","NM_003152.3"
"TIFA","Endogenous","TIFA","NM_052864.2"
"SORT1","Endogenous","SORT1","NM_002959.5"
"IFI27","Endogenous","IFI27","NM_005532.3"
"BATF","Endogenous","BATF","NM_006399.3"
"SIRPA","Endogenous","SIRPA","NM_001040022.1"
"CDH1","Endogenous","CDH1","NM_004360.2"
"LILRB2","Endogenous","LILRB2","NM_001278405.1"
"CXCR4","Endogenous","CXCR4","NM_001008540.1"
"MSRA","Endogenous","MSRA","NM_001135670.2"
"IL27","Endogenous","IL27","NM_145659.3"
"ADAR","Endogenous","ADAR","NM_001025107.1"
"PIK3CA","Endogenous","PIK3CA","NM_006218.2"
"NLRP3","Endogenous","NLRP3","NM_001079821.2"
"IFNA14/16","Endogenous","IFNA14/16","NM_002173.2"
"VWF","Endogenous","VWF","NM_000552.3"
"LILRA6","Endogenous","LILRA6","NM_024318.3"
"PPIA","Endogenous","PPIA","NM_021130.3"
"IFNA1/13","Endogenous","IFNA1/13","NM_006900.3"
"S100A12","Endogenous","S100A12","NM_005621.1"
"KLRB1","Endogenous","KLRB1","NM_002258.2"
"CCR7","Endogenous","CCR7","NM_001838.3"
"IKBKB","Endogenous","IKBKB","NM_001556.1"
"CCL4/L1/L2","Endogenous","CCL4/L1/L2","NM_002984.2"
"JUN","Endogenous","JUN","NM_002228.3"
"CX3CL1","Endogenous","CX3CL1","NM_002996.4"
"YWHAQ","Endogenous","YWHAQ","NM_006826.3"
"ACSL4","Endogenous","ACSL4","NM_004458.2"
"CRK","Endogenous","CRK","NM_016823.4"
"ATG12","Endogenous","ATG12","NM_004707.3"
"HAMP","Endogenous","HAMP","NM_021175.2"
"ACKR2","Endogenous","ACKR2","NM_001296.5"
"CR1","Endogenous","CR1","NM_000573.3"
"CXCL16","Endogenous","CXCL16","NM_001100812.1"
"GAB2","Endogenous","GAB2","NM_080491.2"
"TRIM22","Endogenous","TRIM22","NM_006074.4"
"CXCL13","Endogenous","CXCL13","NM_006419.2"
"XCR1","Endogenous","XCR1","NM_005283.2"
"AIM2","Endogenous","AIM2","NM_004833.1"
"IL7R","Endogenous","IL7R","NM_002185.3"
"GBP2","Endogenous","GBP2","NM_004120.3"
"PIK3C3","Endogenous","PIK3C3","NM_002647.2"
"TLR3","Endogenous","TLR3","NM_003265.2"
"IL31RA","Endogenous","IL31RA","NM_139017.3"
"HERC5","Endogenous","HERC5","NM_016323.2"
"STT3B","Endogenous","STT3B","XM_011533465.1"
"CSF3","Endogenous","CSF3","NM_000759.3"
"ICOS","Endogenous","ICOS","NM_012092.3"
"RAB31","Endogenous","RAB31","NM_006868.3"
"CCL24","Endogenous","CCL24","NM_002991.2"
"MS4A2","Endogenous","MS4A2","NM_000139.3"
"ANPEP","Endogenous","ANPEP","NM_001150.2"
"VEGFA","Endogenous","VEGFA","NM_001025366.1"
"HLA-A","Endogenous","HLA-A","NM_002116.5"
"FBXO6","Endogenous","FBXO6","NM_018438.5"
"MAP2K4","Endogenous","MAP2K4","NM_003010.2"
"RELB","Endogenous","RELB","NM_006509.3"
"FGR","Endogenous","FGR","NM_001042747.1"
"PELI2","Endogenous","PELI2","NM_021255.2"
"IL17C","Endogenous","IL17C","NM_013278.4"
"CD163","Endogenous","CD163","NM_004244.5"
"CCL3/L1/L3","Endogenous","CCL3/L1/L3","NM_002983.3"
"SP100","Endogenous","SP100","NM_001206704.1"
"BCL2","Endogenous","BCL2","NM_000657.2"
"JAML","Endogenous","JAML","NM_153206.2"
"NFKB1","Endogenous","NFKB1","NM_003998.2"
"PLCG1","Endogenous","PLCG1","NM_002660.2"
"IL16","Endogenous","IL16","NM_004513.4"
"IFNL4","Endogenous","IFNL4","NM_001276254.2"
"CEBPB","Endogenous","CEBPB","NM_005194.2"
"TBX21","Endogenous","TBX21","NM_013351.1"
"CXCR6","Endogenous","CXCR6","NM_006564.1"
"PLEKHA1","Endogenous","PLEKHA1","NM_001001974.1"
"HLA-B","Endogenous","HLA-B","NM_005514.6"
"IFNAR1","Endogenous","IFNAR1","NM_000629.2"
"CXCL8","Endogenous","CXCL8","NM_000584.3"
"ALOX5AP","Endogenous","ALOX5AP","NM_001629.2"
"PLEK","Endogenous","PLEK","NM_002664.2"
"NFE2L2","Endogenous","NFE2L2","NM_006164.3"
"LTBR","Endogenous","LTBR","XM_006718983.2"
"IL10RA","Endogenous","IL10RA","NM_001558.2"
"LILRA5","Endogenous","LILRA5","NM_181879.2"
"FASLG","Endogenous","FASLG","NM_000639.1"
"ICAM3","Endogenous","ICAM3","NM_002162.3"
"CCL13","Endogenous","CCL13","NM_005408.2"
"TLR5","Endogenous","TLR5","NM_003268.5"
"PARP9","Endogenous","PARP9","NM_001146102.1"
"CD3G","Endogenous","CD3G","NM_000073.2"
"DERL1","Endogenous","DERL1","NM_024295.6"
"SOD2","Endogenous","SOD2","NM_000636.2"
"RAC2","Endogenous","RAC2","NM_002872.4"
"CCL23","Endogenous","CCL23","NM_005064.3"
"LIF","Endogenous","LIF","NM_002309.4"
"NOD2","Endogenous","NOD2","NM_001293557.1"
"EOMES","Endogenous","EOMES","NM_005442.2"
"MAFB","Endogenous","MAFB","NM_005461.4"
"CCL27","Endogenous","CCL27","NM_006664.2"
"SSR1","Endogenous","SSR1","NM_003144.5"
"NFATC1","Endogenous","NFATC1","NM_172389.1"
"TRIM21","Endogenous","TRIM21","NM_003141.3"
"IL5","Endogenous","IL5","NM_000879.2"
"IL2RG","Endogenous","IL2RG","NM_000206.1"
"DDAH2","Endogenous","DDAH2","NM_013974.1"
"GZMA","Endogenous","GZMA","NM_006144.2"
"DTX3L","Endogenous","DTX3L","NM_138287.3"
"NAE1","Endogenous","NAE1","NM_001018159.1"
"ATG3","Endogenous","ATG3","NM_022488.3"
"ATF2","Endogenous","ATF2","NM_001256091.1"
"RNF31","Endogenous","RNF31","NM_017999.4"
"IL20","Endogenous","IL20","NM_018724.3"
"VSIR","Endogenous","VSIR","NM_022153.1"
"GNLY","Endogenous","GNLY","NM_006433.2"
"IL1RN","Endogenous","IL1RN","NM_000577.4"
"ITGAL","Endogenous","ITGAL","NM_002209.2"
"GZMB","Endogenous","GZMB","NM_004131.4"
"TMPRSS2","Endogenous","TMPRSS2","NM_005656.3"
"SEM1","Endogenous","SEM1","NM_006304.1"
"IL10RB","Endogenous","IL10RB","NM_000628.4"
"CCR6","Endogenous","CCR6","NM_031409.3"
"DEFB103A/B","Endogenous","DEFB103A/B","NM_001081551.4"
"NOS2","Endogenous","NOS2","NM_000625.4"
"SMAD4","Endogenous","SMAD4","NM_005359.3"
"CD36","Endogenous","CD36","NM_001001548.2"
"RELA","Endogenous","RELA","NM_021975.4"
"GUCY1A1","Endogenous","GUCY1A1","NM_001130682.1"
"CAP1","Endogenous","CAP1","NM_001105530.1"
"RB1CC1","Endogenous","RB1CC1","NM_001083617.1"
"HCST","Endogenous","HCST","NM_001007469.1"
"RAB7A","Endogenous","RAB7A","NM_004637.5"
"BNIP3","Endogenous","BNIP3","NM_004052.2"
"CCL28","Endogenous","CCL28","NM_148672.2"
"BCL6","Endogenous","BCL6","NM_001134738.1"
"CD209","Endogenous","CD209","NM_001144899.1"
"MEFV","Endogenous","MEFV","NM_000243.2"
"CXCL6","Endogenous","CXCL6","NM_002993.3"
"ULK1","Endogenous","ULK1","NM_003565.1"
"VAMP3","Endogenous","VAMP3","NM_004781.4"
"AGT","Endogenous","AGT","NM_000029.3"
"FPR1","Endogenous","FPR1","NM_002029.3"
"TOLLIP","Endogenous","TOLLIP","NM_019009.2"
"CD2","Endogenous","CD2","NM_001767.3"
"IL37","Endogenous","IL37","NM_014439.3"
"CTSS","Endogenous","CTSS","NM_004079.3"
"MAPK8","Endogenous","MAPK8","NM_002750.2"
"TRIM5","Endogenous","TRIM5","NM_033092.2"
"ACVR1","Endogenous","ACVR1","NM_001105.2"
"ISG15","Endogenous","ISG15","NM_005101.3"
"IFNA5","Endogenous","IFNA5","NM_002169.2"
"NKG7","Endogenous","NKG7","NM_005601.3"
"CCL5","Endogenous","CCL5","NM_002985.2"
"AHR","Endogenous","AHR","NM_001621.4"
"IL17D","Endogenous","IL17D","NM_138284.1"
"IL36G","Endogenous","IL36G","NM_019618.3"
"CCL8","Endogenous","CCL8","NM_005623.2"
"IL22RA1","Endogenous","IL22RA1","NM_021258.3"
"CCL1","Endogenous","CCL1","NM_002981.2"
"MAP3K3","Endogenous","MAP3K3","NM_002401.3"
"CYSTM1","Endogenous","CYSTM1","NM_032412.4"
"XAF1","Endogenous","XAF1","NM_199139.2"
"NOX1","Endogenous","NOX1","NM_007052.4"
"PSAP","Endogenous","PSAP","NM_001042465.2"
"CD22","Endogenous","CD22","NM_001771.2"
"LTB","Endogenous","LTB","NM_002341.1"
"IFNA4/7/10/17/21","Endogenous","IFNA4/7/10/17/21","NM_021268.2"
"SMAD5","Endogenous","SMAD5","NM_005903.5"
"RBPJ","Endogenous","RBPJ","NM_015874.3"
"GADD45B","Endogenous","GADD45B","NM_015675.2"
"AKT1","Endogenous","AKT1","NM_001014432.1"
"HK3","Endogenous","HK3","NM_002115.1"
"DEFA4","Endogenous","DEFA4","NM_001925.1"
"SELE","Endogenous","SELE","NM_000450.2"
"CCL18","Endogenous","CCL18","NM_002988.3"
"STAT2","Endogenous","STAT2","NM_005419.3"
"IRF4","Endogenous","IRF4","NM_001195286.1"
"PFKFB3","Endogenous","PFKFB3","NM_004566.3"
"F5","Endogenous","F5","NM_000130.2"
"APP","Endogenous","APP","NM_000484.3"
"PLAT","Endogenous","PLAT","NM_000930.3"
"HLA-DQB1","Endogenous","HLA-DQB1","NM_002123.3"
"IL5RA","Endogenous","IL5RA","NM_000564.4"
"FCRL2","Endogenous","FCRL2","NM_001159488.1"
"RPS6KA1","Endogenous","RPS6KA1","NM_002953.3"
"CXCL17","Endogenous","CXCL17","NM_198477.3"
"CASP10","Endogenous","CASP10","NM_001206524.1"
"ETS1","Endogenous","ETS1","NM_005238.3"
"TLR4","Endogenous","TLR4","NM_003266.3"
"IFNL1","Endogenous","IFNL1","NM_172140.1"
"IL2","Endogenous","IL2","NM_000586.2"
"CD247","Endogenous","CD247","NM_198053.2"
"IL27RA","Endogenous","IL27RA","NM_004843.3"
"IL26","Endogenous","IL26","NM_018402.1"
"STAT5B","Endogenous","STAT5B","NM_012448.3"
"LIMK2","Endogenous","LIMK2","NM_001031801.1"
"IL7","Endogenous","IL7","NM_001199886.1"
"NCR1","Endogenous","NCR1","NM_004829.5"
"TYROBP","Endogenous","TYROBP","NM_003332.3"
"CXCR1","Endogenous","CXCR1","NM_000634.2"
"IL1RL1","Endogenous","IL1RL1","NM_016232.4"
"TRIM33","Endogenous","TRIM33","NM_015906.3"
"LCP2","Endogenous","LCP2","NM_005565.4"
"LITAF","Endogenous","LITAF","NM_004862.3"
"RPS6KB1","Endogenous","RPS6KB1","NM_003161.2"
"CD276","Endogenous","CD276","NM_001024736.1"
"PAK1","Endogenous","PAK1","NM_002576.5"
"HLA-DPA1","Endogenous","HLA-DPA1","NM_033554.3"
"CCL20","Endogenous","CCL20","NM_001130046.1"
"KIR2DL3","Endogenous","KIR2DL3","NM_014511.3"
"SYK","Endogenous","SYK","NM_003177.5"
"CD3E","Endogenous","CD3E","NM_000733.3"
"IFNA6","Endogenous","IFNA6","NM_021002.2"
"NGLY1","Endogenous","NGLY1","NM_001145293.1"
"IFNL2/3","Endogenous","IFNL2/3","NM_172139.2"
"PTGER4","Endogenous","PTGER4","NM_000958.2"
"CD79A","Endogenous","CD79A","NM_001783.3"
"GBP5","Endogenous","GBP5","NM_052942.3"
"PECAM1","Endogenous","PECAM1","NM_000442.3"
"PSMB9","Endogenous","PSMB9","NM_002800.4"
"IL3RA","Endogenous","IL3RA","NM_002183.2"
"CCR5","Endogenous","CCR5","NM_000579.3"
"IL36B","Endogenous","IL36B","NM_014438.5"
"CXCL2","Endogenous","CXCL2","NM_002089.4"
"TXNIP","Endogenous","TXNIP","NM_006472.4"
"CXCR3","Endogenous","CXCR3","NM_001504.1"
"RUNX3","Endogenous","RUNX3","NM_001031680.2"
"SP1","Endogenous","SP1","NM_138473.2"
"ALPL","Endogenous","ALPL","NM_000478.4"
"IL12RB2","Endogenous","IL12RB2","NM_001559.2"
"HSP90AA1","Endogenous","HSP90AA1","NM_001017963.2"
"TCF7","Endogenous","TCF7","NM_201633.2"
"CCR2","Endogenous","CCR2","NM_001123041.2"
"AP1G1","Endogenous","AP1G1","NM_001030007.1"
"DNAJA2","Endogenous","DNAJA2","NM_005880.3"
"MAP3K8","Endogenous","MAP3K8","NM_001244134.1"
"NCF4","Endogenous","NCF4","NM_000631.4"
"CTSW","Endogenous","CTSW","NM_001335.3"
"IL20RA","Endogenous","IL20RA","NM_014432.2"
"IFI16","Endogenous","IFI16","NM_001206567.1"
"IL36RN","Endogenous","IL36RN","NM_012275.3"
"SOCS1","Endogenous","SOCS1","NM_003745.1"
"NLRC4","Endogenous","NLRC4","NM_001199138.1"
"CCL16","Endogenous","CCL16","NM_004590.3"
"UBA52","Endogenous","UBA52","NM_003333.3"
"XCL1/2","Endogenous","XCL1/2","NM_002995.2"
"RGMA","Endogenous","RGMA","NM_001166283.1"
"CXCL1","Endogenous","CXCL1","NM_001511.3"
"BPI","Endogenous","BPI","NM_001725.2"
"AKT2","Endogenous","AKT2","NM_001626.4"
"PELI1","Endogenous","PELI1","NM_020651.3"
"IL6R","Endogenous","IL6R","NM_000565.2"
"TNFSF10","Endogenous","TNFSF10","NM_003810.2"
"TRIM25","Endogenous","TRIM25","NM_005082.4"
"RASGRP4","Endogenous","RASGRP4","NM_170604.1"
"TNFRSF18","Endogenous","TNFRSF18","NM_148901.1"
"MGAM","Endogenous","MGAM","XM_011516674.2"
"LAT","Endogenous","LAT","NM_001014987.1"
"IL13RA2","Endogenous","IL13RA2","NM_000640.2"
"IFNK","Endogenous","IFNK","NM_020124.2"
"ALOX5","Endogenous","ALOX5","NM_000698.2"
"PTPRC","Endogenous","PTPRC","NM_080921.3"
"TRAF3","Endogenous","TRAF3","NM_145725.2"
"UBE2N","Endogenous","UBE2N","NM_003348.4"
"IL2RA","Endogenous","IL2RA","NM_000417.2"
"CCL14","Endogenous","CCL14","NM_032963.4"
"IL15RA","Endogenous","IL15RA","NM_002189.3"
"CEACAM3","Endogenous","CEACAM3","NM_001815.3"
"IL13RA1","Endogenous","IL13RA1","NM_001560.2"
"NEU1","Endogenous","NEU1","NM_000434.4"
"IL1F10","Endogenous","IL1F10","NM_032556.6"
"CTSG","Endogenous","CTSG","NM_001911.2"
"IFIH1","Endogenous","IFIH1","NM_022168.3"
"EVL","Endogenous","EVL","NM_016337.2"
"HLA-DRA","Endogenous","HLA-DRA","NM_019111.3"
"CD70","Endogenous","CD70","NM_001252.2"
"EIF2AK2","Endogenous","EIF2AK2","NM_002759.1"
"IL1R2","Endogenous","IL1R2","NM_173343.1"
"HMGB1","Endogenous","HMGB1","NM_002128.4"
"IFNA2","Endogenous","IFNA2","NM_000605.3"
"TRIM6","Endogenous","TRIM6","NM_058166.4"
"HDC","Endogenous","HDC","NM_002112.3"
"IL1RAP","Endogenous","IL1RAP","NM_002182.2"
"RIPK2","Endogenous","RIPK2","NM_003821.5"
"PDHB","Endogenous","PDHB","NM_000925.3"
"OSM","Endogenous","OSM","NM_020530.6"
"PIK3R6","Endogenous","PIK3R6","NM_001010855.3"
"KIR2DL1","Endogenous","KIR2DL1","NM_014218.2"
"CD69","Endogenous","CD69","NM_001781.1"
"SELENOS","Endogenous","SELENOS","NM_203472.1"
"IDO1","Endogenous","IDO1","NM_002164.5"
"IL12A","Endogenous","IL12A","NM_000882.2"
"PRKCD","Endogenous","PRKCD","NM_006254.3"
"PDCD1LG2","Endogenous","PDCD1LG2","NM_025239.3"
"LAMP3","Endogenous","LAMP3","NM_014398.3"
"HLA-E","Endogenous","HLA-E","NM_005516.5"
"HSP90B1","Endogenous","HSP90B1","NM_003299.2"
"ATG4A","Endogenous","ATG4A","NM_052936.5"
"BECN1","Endogenous","BECN1","NM_003766.4"
"CD44","Endogenous","CD44","NM_001001392.1"
"PDCD1","Endogenous","PDCD1","NM_005018.2"
"FAM30A","Endogenous","FAM30A","NR_026800.2"
"IRAK1","Endogenous","IRAK1","NM_001569.3"
"ADGRG3","Endogenous","ADGRG3","NM_170776.5"
"CCR1","Endogenous","CCR1","NM_001295.2"
"GCA","Endogenous","GCA","NM_012198.3"
"TXK","Endogenous","TXK","NM_003328.1"
"BCL3","Endogenous","BCL3","NM_005178.2"
"TLR6","Endogenous","TLR6","NM_006068.4"
"PSMB8","Endogenous","PSMB8","NM_004159.4"
"ALOX15","Endogenous","ALOX15","NM_001140.3"
"IL12B","Endogenous","IL12B","NM_002187.2"
"CASP4","Endogenous","CASP4","NM_001225.3"
"ACKR3","Endogenous","ACKR3","NM_020311.1"
"CCL7","Endogenous","CCL7","NM_006273.2"
"CD27","Endogenous","CD27","NM_001242.4"
"MAPK13","Endogenous","MAPK13","NM_002754.3"
"GBP1","Endogenous","GBP1","NM_002053.2"
"TNFSF9","Endogenous","TNFSF9","NM_003811.3"
"CD4","Endogenous","CD4","NM_000616.4"
"CRP","Endogenous","CRP","NM_000567.2"
"ADGRE5","Endogenous","ADGRE5","NM_078481.3"
"LAMP1","Endogenous","LAMP1","NM_005561.3"
"MAF","Endogenous","MAF","NM_001031804.2"
"LAT2","Endogenous","LAT2","NM_014146.3"
"IRAK3","Endogenous","IRAK3","NM_007199.1"
"LAG3","Endogenous","LAG3","NM_002286.5"
"SERPINA1","Endogenous","SERPINA1","NM_001127702.1"
"KIR3DL1/2","Endogenous","KIR3DL1/2","NM_001322168.1"
"ACOX1","Endogenous","ACOX1","NM_001185039.1"
"FOXO1","Endogenous","FOXO1","NM_002015.3"
"PIK3CG","Endogenous","PIK3CG","NM_002649.2"
"LCN2","Endogenous","LCN2","NM_005564.3"
"EIF2AK3","Endogenous","EIF2AK3","NM_004836.5"
"IL4R","Endogenous","IL4R","NM_000418.3"
"NPC2","Endogenous","NPC2","NM_006432.3"
"MAP3K5","Endogenous","MAP3K5","NM_005923.3"
"CSF1","Endogenous","CSF1","NM_000757.4"
"CD86","Endogenous","CD86","NM_175862.4"
"SMAD3","Endogenous","SMAD3","NM_005902.3"
"FCGR1A/B","Endogenous","FCGR1A/B","NM_000566.3"
"FAS","Endogenous","FAS","NM_000043.4"
"PSMB10","Endogenous","PSMB10","NM_002801.2"
"ATG10","Endogenous","ATG10","NM_001131028.1"
"RNF135","Endogenous","RNF135","NM_032322.3"
"RSAD2","Endogenous","RSAD2","NM_080657.4"
"STING1","Endogenous","STING1","NM_198282.1"
"SLC11A1","Endogenous","SLC11A1","NM_000578.3"
"MS4A7","Endogenous","MS4A7","NM_206939.1"
"TBK1","Endogenous","TBK1","NM_013254.2"
"LAMP2","Endogenous","LAMP2","NM_002294.2"
"RIPK3","Endogenous","RIPK3","NM_006871.3"
"EPHX2","Endogenous","EPHX2","NM_001979.5"
"TCN2","Endogenous","TCN2","NM_000355.3"
"CD6","Endogenous","CD6","NM_001254751.1"
"ACSL3","Endogenous","ACSL3","NM_203372.1"
"MLKL","Endogenous","MLKL","NM_001142497.1"
"HAVCR2","Endogenous","HAVCR2","NM_032782.3"
"TGFB2","Endogenous","TGFB2","NM_003238.2"
"DDX58","Endogenous","DDX58","NM_014314.3"
"REL","Endogenous","REL","NM_002908.3"
"CCR9","Endogenous","CCR9","NM_031200.1"
"ADORA2A","Endogenous","ADORA2A","NM_000675.5"
"ITPR3","Endogenous","ITPR3","NM_002224.2"
"BLK","Endogenous","BLK","NM_001715.2"
"NDUFS8","Endogenous","NDUFS8","XM_005274015.1"
"IL1R1","Endogenous","IL1R1","NM_000877.3"
"MAPK14","Endogenous","MAPK14","NM_001315.2"
"CD45R0","Endogenous","CD45R0","NM_080921.3"
"JAK1","Endogenous","JAK1","NM_002227.1"
"PRKCQ","Endogenous","PRKCQ","NM_006257.2"
"MAVS","Endogenous","MAVS","NM_001206491.1"
"MYD88","Endogenous","MYD88","NM_002468.4"
"IL1RAPL1","Endogenous","IL1RAPL1","NM_014271.3"
"C5","Endogenous","C5","NM_001735.2"
"LCK","Endogenous","LCK","NM_005356.2"
"FPR2","Endogenous","FPR2","NM_001005738.1"
"CSF2","Endogenous","CSF2","NM_000758.3"
"IL22","Endogenous","IL22","NM_020525.4"
"CCL21","Endogenous","CCL21","NM_002989.2"
"CBLB","Endogenous","CBLB","NM_170662.3"
"IL9R","Endogenous","IL9R","NM_176786.2"
"APOBEC3G","Endogenous","APOBEC3G","NM_021822.2"
"IFNW1","Endogenous","IFNW1","NM_002177.1"
"IL17A","Endogenous","IL17A","NM_002190.2"
"ATF6","Endogenous","ATF6","NM_007348.2"
"CUL1","Endogenous","CUL1","NM_003592.2"
"LRG1","Endogenous","LRG1","NM_052972.3"
"C2","Endogenous","C2","NM_000063.5"
"TNFRSF4","Endogenous","TNFRSF4","NM_003327.3"
"AIF1","Endogenous","AIF1","NM_032955.1"
"ITGAX","Endogenous","ITGAX","NM_000887.4"
"CD274","Endogenous","CD274","NM_014143.3"
"HCK","Endogenous","HCK","NM_002110.2"
"CTSZ","Endogenous","CTSZ","NM_001336.3"
"MVP","Endogenous","MVP","NM_017458.2"
"IRAK4","Endogenous","IRAK4","NM_001114182.1"
"ITLN1","Endogenous","ITLN1","NM_017625.2"
"PRCP","Endogenous","PRCP","NM_005040.2"
"MS4A1","Endogenous","MS4A1","NM_152866.2"
"TGFB1","Endogenous","TGFB1","NM_000660.3"
"CTSL","Endogenous","CTSL","NM_001912.4"
"IL25","Endogenous","IL25","NM_022789.2"
"KLRK1","Endogenous","KLRK1","NM_007360.1"
"PLCG2","Endogenous","PLCG2","NM_002661.2"
"MRC1","Endogenous","MRC1","NM_002438.3"
"DDX5","Endogenous","DDX5","NM_004396.3"
"CXCL11","Endogenous","CXCL11","NM_005409.4"
"IL3","Endogenous","IL3","NM_000588.3"
"ENTPD1","Endogenous","ENTPD1","NM_001098175.1"
"NEO1","Endogenous","NEO1","NM_002499.2"
"TPP1","Endogenous","TPP1","NM_000391.3"
"HLA-DMA","Endogenous","HLA-DMA","NM_006120.3"
"IFNAR2","Endogenous","IFNAR2","NM_000874.3"
"JUNB","Endogenous","JUNB","NM_002229.2"
"C3","Endogenous","C3","NM_000064.2"
"PTGS2","Endogenous","PTGS2","NM_000963.1"
"IL1RL2","Endogenous","IL1RL2","NM_001351447.1"
"IL18","Endogenous","IL18","NM_001562.3"
"IL6","Endogenous","IL6","NM_000600.3"
"ICOSLG","Endogenous","ICOSLG","NM_015259.5"
"LYN","Endogenous","LYN","NM_002350.3"
"LANCL1","Endogenous","LANCL1","NM_006055.1"
"IRF3","Endogenous","IRF3","NM_001571.5"
"IFIT3","Endogenous","IFIT3","NM_001031683.2"
"IL15","Endogenous","IL15","NM_000585.4"
"TNFSF18","Endogenous","TNFSF18","NM_005092.2"
"IL6ST","Endogenous","IL6ST","NM_002184.2"
"PLAU","Endogenous","PLAU","NM_002658.2"
"BDKRB1","Endogenous","BDKRB1","NM_000710.3"
"SUGT1","Endogenous","SUGT1","NM_001130912.1"
"NAMPT","Endogenous","NAMPT","NM_005746.3"
"MDFIC","Endogenous","MDFIC","NM_199072.2"
"TGFB3","Endogenous","TGFB3","NM_003239.2"
"STAT4","Endogenous","STAT4","NM_003151.2"
"DHX58","Endogenous","DHX58","NM_024119.2"
"LRRK2","Endogenous","LRRK2","NM_198578.3"
"CCL11","Endogenous","CCL11","NM_002986.2"
"CPA3","Endogenous","CPA3","NM_001870.2"
"KLRC1","Endogenous","KLRC1","NM_002259.3"
"SIGLEC5","Endogenous","SIGLEC5","NM_003830.3"
"IFI6","Endogenous","IFI6","NM_002038.3"
"ATG13","Endogenous","ATG13","NM_001142673.1"
"IFITM3","Endogenous","IFITM3","NM_021034.2"
"ATF4","Endogenous","ATF4","NM_001675.2"
"LCP1","Endogenous","LCP1","NM_002298.4"
"GZMH","Endogenous","GZMH","NM_033423.4"
"SOCS3","Endogenous","SOCS3","NM_003955.4"
"CCL19","Endogenous","CCL19","NM_006274.2"
"IL17RA","Endogenous","IL17RA","NM_014339.6"
"SCARB2","Endogenous","SCARB2","NM_005506.2"
"KPNB1","Endogenous","KPNB1","NM_002265.4"
"WAS","Endogenous","WAS","NM_000377.2"
"FCAR","Endogenous","FCAR","NM_133278.2"
"STAT3","Endogenous","STAT3","NM_003150.3"
"GBP4","Endogenous","GBP4","NM_052941.4"
"CD28","Endogenous","CD28","NM_001243077.1"
"IL36A","Endogenous","IL36A","NM_014440.1"
"SELL","Endogenous","SELL","NM_000655.4"
"EGLN1","Endogenous","EGLN1","NM_022051.2"
"IL31","Endogenous","IL31","NM_001014336.1"
"SOD1","Endogenous","SOD1","NM_000454.4"
"HLA-C","Endogenous","HLA-C","NM_002117.4"
"NTNG2","Endogenous","NTNG2","NM_032536.1"
"LILRA3","Endogenous","LILRA3","NM_006865.3"
"IFNLR1","Endogenous","IFNLR1","NM_170743.3"
"C5AR1","Endogenous","C5AR1","NM_001736.3"
"IL18R1","Endogenous","IL18R1","NM_003855.3"
"MAP2K2","Endogenous","MAP2K2","NM_030662.3"
"NRAS","Endogenous","NRAS","NM_002524.4"
"ZBP1","Endogenous","ZBP1","NM_001160419.2"
"MCL1","Endogenous","MCL1","NM_021960.5"
"ITGAE","Endogenous","ITGAE","NM_002208.4"
"IL12RB1","Endogenous","IL12RB1","NM_005535.1"
"IL13","Endogenous","IL13","NM_002188.2"
"IL19","Endogenous","IL19","NM_013371.3"
"GSTM4","Endogenous","GSTM4","NM_000850.4"
"IL17B","Endogenous","IL17B","NM_014443.2"
"KRAS","Endogenous","KRAS","NM_033360.2"
"LDHB","Endogenous","LDHB","NM_001174097.1"
"DDIT3","Endogenous","DDIT3","NM_001195054.1"
"CXCL12","Endogenous","CXCL12","NM_199168.3"
"TNFRSF1A","Endogenous","TNFRSF1A","NM_001065.2"
"UBE2L6","Endogenous","UBE2L6","NM_004223.4"
"OS9","Endogenous","OS9","NM_001017956.2"
"CCL15","Endogenous","CCL15","NM_032965.6"
"TLR1","Endogenous","TLR1","NM_003263.3"
"MME","Endogenous","MME","NM_001354644.1"
"CD40","Endogenous","CD40","NM_001250.4"
"IKBKG","Endogenous","IKBKG","NM_003639.2"
"IL32","Endogenous","IL32","NM_004221.4"
"RNASEL","Endogenous","RNASEL","NM_021133.3"
"IFITM2","Endogenous","IFITM2","NM_006435.2"
"CCL17","Endogenous","CCL17","NM_002987.2"
"IFIT1","Endogenous","IFIT1","NM_001548.3"
"TAB2","Endogenous","TAB2","NM_015093.3"
"ATM","Endogenous","ATM","NM_000051.3"
"PIK3CD","Endogenous","PIK3CD","NM_005026.3"
"IL1B","Endogenous","IL1B","NM_000576.2"
"SPIB","Endogenous","SPIB","NM_003121.4"
"CD19","Endogenous","CD19","NM_001178098.1"
"IL1A","Endogenous","IL1A","NM_000575.3"
"STRAP","Endogenous","STRAP","NM_007178.3"
"BCR","Endogenous","BCR","NM_004327.3"
"RAB5C","Endogenous","RAB5C","NM_001252039.1"
"PTPN4","Endogenous","PTPN4","NM_002830.3"
"TRAT1","Endogenous","TRAT1","NM_001317747.1"
"EBI3","Endogenous","EBI3","NM_005755.2"
"NFATC2","Endogenous","NFATC2","NM_012340.3"
"DIABLO","Endogenous","DIABLO","NM_138930.3"
"STAT1","Endogenous","STAT1","NM_139266.1"
"IL34","Endogenous","IL34","NM_152456.1"
"CCRL2","Endogenous","CCRL2","NM_001130910.1"
"CX3CR1","Endogenous","CX3CR1","NM_001337.3"
"TBXAS1","Endogenous","TBXAS1","NM_001061.4"
"SAMHD1","Endogenous","SAMHD1","NM_015474.2"
"CD8A","Endogenous","CD8A","NM_001768.6"
"TRAF6","Endogenous","TRAF6","NM_145803.2"
"ITGB2","Endogenous","ITGB2","NM_001127491.1"
"CD244","Endogenous","CD244","NM_001166663.1"
"CXCR2","Endogenous","CXCR2","NM_001557.3"
"MAPKAPK2","Endogenous","MAPKAPK2","NM_004759.3"
"MT2A","Endogenous","MT2A","NM_005953.5"
"OAS1","Endogenous","OAS1","NM_001032409.1"
"JAK3","Endogenous","JAK3","NM_000215.2"
"CASP3","Endogenous","CASP3","NM_004346.3"
"JAK2","Endogenous","JAK2","NM_004972.3"
"MKNK1","Endogenous","MKNK1","NM_001135553.4"
"LTA4H","Endogenous","LTA4H","NM_001256643.1"
"IL24","Endogenous","IL24","NM_001185158.1"
"TNFRSF17","Endogenous","TNFRSF17","NM_001192.2"
"AP1S2","Endogenous","AP1S2","NM_003916.4"
"RHOG","Endogenous","RHOG","NM_001665.3"
"ACSL1","Endogenous","ACSL1","NM_001995.4"
"CD45RA","Endogenous","CD45RA","NM_002838.4"
"CALM1","Endogenous","CALM1","NM_006888.4"
"TAB1","Endogenous","TAB1","NM_153497.2"
"CD79B","Endogenous","CD79B","NM_001039933.1"
"PLG","Endogenous","PLG","NM_000301.3"
"CHUK","Endogenous","CHUK","NM_001320928.1"
"FCGR3A/B","Endogenous","FCGR3A/B","NM_000569.6"
"THOP1","Endogenous","THOP1","NM_003249.3"
"RIPK1","Endogenous","RIPK1","NM_003804.3"
"IL17F","Endogenous","IL17F","NM_052872.3"
"CCL26","Endogenous","CCL26","NM_006072.4"
"FCGR2A","Endogenous","FCGR2A","NM_021642.3"
"PRDM1","Endogenous","PRDM1","NM_182907.1"
"IGFBP7","Endogenous","IGFBP7","NM_001553.1"
"HLA-DPB1","Endogenous","HLA-DPB1","NM_002121.5"
"RPS6KA3","Endogenous","RPS6KA3","NM_004586.2"
"TLR7","Endogenous","TLR7","NM_016562.3"
"GUCY1B1","Endogenous","GUCY1B1","NM_000857.2"
"TIGIT","Endogenous","TIGIT","NM_173799.3"
"IFNB1","Endogenous","IFNB1","NM_002176.2"
"IL21R","Endogenous","IL21R","NM_181079.4"
"XBP1","Endogenous","XBP1","NM_001079539.1"
"POS_C(8)","Positive","POS_C(8)","ERCC_00002.1"
"POS_A(128)","Positive","POS_A(128)","ERCC_00117.1"
"POS_F(0.125)","Positive","POS_F(0.125)","ERCC_00034.1"
"POS_D(2)","Positive","POS_D(2)","ERCC_00092.1"
"POS_B(32)","Positive","POS_B(32)","ERCC_00112.1"
"POS_E(0.5)","Positive","POS_E(0.5)","ERCC_00035.1"
"NEG_C(0)","Negative","NEG_C(0)","ERCC_00019.1"
"NEG_D(0)","Negative","NEG_D(0)","ERCC_00076.1"
"NEG_E(0)","Negative","NEG_E(0)","ERCC_00098.1"
"NEG_A(0)","Negative","NEG_A(0)","ERCC_00096.1"
"NEG_H(0)","Negative","NEG_H(0)","ERCC_00154.1"
"NEG_G(0)","Negative","NEG_G(0)","ERCC_00144.1"
"NEG_F(0)","Negative","NEG_F(0)","ERCC_00126.1"
"NEG_B(0)","Negative","NEG_B(0)","ERCC_00041.1"
"SDHA","Housekeeping","SDHA","NM_004168.2"
"MRPS7","Housekeeping","MRPS7","NM_015971.3"
"PGK1","Housekeeping","PGK1","NM_000291.2"
"ALAS1","Housekeeping","ALAS1","NM_000688.4"
"HPRT1","Housekeeping","HPRT1","NM_000194.1"
"OAZ1","Housekeeping","OAZ1","NM_004152.2"
"ABCF1","Housekeeping","ABCF1","NM_001090.2"
"NMT1","Housekeeping","NMT1","NM_021079.3"
"NRDE2","Housekeeping","NRDE2","NM_017970.3"
"TBP","Housekeeping","TBP","NM_001172085.1"
"GUSB","Housekeeping","GUSB","NM_000181.3"
"STK11IP","Housekeeping","STK11IP","NM_052902.2"
